file,tenant_id
ES2004d.json,deploy_mind_81d33437db5d446ab045abac31d33c3b
ES2008b.json,deploy_mind_3ea93cd23e3842cc917060e649e8985b
IS1004d.json,deploy_mind_09280add1a10419c8919f5dd44f370d3
IS1008a.json,deploy_mind_8d5bd42fd4d54281ae71dba89cf81719
IS1004a.json,deploy_mind_a77940965a4c4faaae895ee479b43a5c
IS1005b.json,deploy_mind_7d96a11ac37c475386d6f92376405757
ES2008c.json,deploy_mind_5acd076cdfa1423eaa7c12d10b2bb57e
ES2008d.json,deploy_mind_252aa7441aae44cf82627066c3dcea4c
IS1006d.json,deploy_mind_017d7960aac74e198b57424574b202c2
IS1006c.json,deploy_mind_6fe34b555a0a4c4b9a265bd1611b7c65
IS1005a.json,deploy_mind_101b06c616e9460f8f709501d79bcc64
ES2006d.json,deploy_mind_e23b4b7e698a4dd68ea174313508595e
ES2004b.json,deploy_mind_d5c7f60a1403441e97843aeeb48c339a
ES2009d.json,deploy_mind_2b54e13fa6684283abde676173c6cffa
IS1005c.json,deploy_mind_d7378a78f95a4c93bba07976a3a73a20
ES2005a.json,deploy_mind_25b75e8f36414ba586c61c96e6d4674e
ES2006b.json,deploy_mind_b41c526f459b45b8945877be0757a690
IS1001c.json,deploy_mind_e3604fcf541c41ad96a9c0d095afc28a
ES2003a.json,deploy_mind_d7523ee2f00d4cffbd6966943509d53c
IS1001d.json,deploy_mind_707f690f44cd4466b814919f809cfc0f
IS1001a.json,deploy_mind_4b7b86649c6e40988d2210b76c823f5c
ES2002b.json,deploy_mind_7dbaf66183b64f06b05ace5013e81c53
ES2004c.json,deploy_mind_4911a96b94db474798bc31a008783f6c
ES2002a.json,deploy_mind_ac92523b886b49f9ae4aa75020c6b714
ES2003c.json,deploy_mind_ecd4935374844a3d9462d81fa85fdd75
ES2008a.json,deploy_mind_21aa50d5ba6d43fca0a0f0459f926d77
ES2006c.json,deploy_mind_d9d2307e9db44b7b978e819a4422e57c
ES2007d.json,deploy_mind_7e345007ab0b4475937eb3d6a65f4e69
IS1009d.json,deploy_mind_5f2a46ddf51241aab9cf918ca3b41e5e
IS1009b.json,deploy_mind_624f209e25824ccfaea094cb297b3fbd
ES2005d.json,deploy_mind_59d0daaffe3d49f3913ad21936c65e6a
IS1006b.json,deploy_mind_5fa9e954213f420091f0a0505c66f9b9
ES2009b.json,deploy_mind_faa088b03ee048ca94ed082f97dc0297
ES2010d.json,deploy_mind_6d303a7c8ba84a0cadfd74a22c352207
ES2002d.json,deploy_mind_a5c9141e86fc4197b7971cecdbfe5b5b
IS1001b.json,deploy_mind_e558f2ff71184adc876015eb0dbd4290
IS1003b.json,deploy_mind_55e064a24a7a4c24a74c4c230c9c8092
ES2007b.json,deploy_mind_15aa689f7fa3465b850b0ad5f6821dc9
IS1004c.json,deploy_mind_5e2180d0395840c991911bc1e78e097f
IS1003d.json,deploy_mind_9c5e044c795e48ba859bac8636912ab6
ES2002c.json,deploy_mind_7f3d390fdf5d40cbabc9132e61815bc0
IS1008b.json,deploy_mind_63e3152e6752498f8228d5c3ad4b5520
ES2005b.json,deploy_mind_6697b18312c4457a9fe30797e38e6391
ES2009a.json,deploy_mind_8013034c06d546a28f65b7cf6e4dc8d4
IS1003a.json,deploy_mind_a804ca27c2434280a248fa2daf08aae1
ES2010b.json,deploy_mind_37ba00d818a043118bbfdd053b644a01
IS1009a.json,deploy_mind_296cc7ce57b34a398ef4e8188839fd40
ES2007c.json,deploy_mind_97958584f16441d280df54d40c295f3e
IS1007b.json,deploy_mind_a55287a968124974952e2aae07e9855b
IS1006a.json,deploy_mind_cdde0283fbb040dcbbc7a43e898d0efa
ES2007a.json,deploy_mind_02f1d3f1701c4c1698bbab8245b8b389
IS1008d.json,deploy_mind_d491dbbbc8df43d09bad928051e14336
ES2010c.json,deploy_mind_85b5761928f644e58038da51d844433f
IS1007c.json,deploy_mind_19136e75e972487ab212c36f3c7c1e6f
ES2005c.json,deploy_mind_2b875c31c47649b0b501538bb883e281
IS1008c.json,deploy_mind_c90ab693e46b4b38a504c45a0c45c52e
IS1007d.json,deploy_mind_dbe478eb6910440c95b2e3e58186157d
IS1007a.json,deploy_mind_f307aa0d16194ad29582eeefe3a04f31
ES2006a.json,deploy_mind_d8dd3bffbab947b5aa62a8d2686b7edd
ES2009c.json,deploy_mind_cbcd2e6461704129ad044744f634b680
ES2004a.json,deploy_mind_c997f6aa9ffb4d80b70c6f7f7e6cee41
ES2003b.json,deploy_mind_a3246e7cbbcf42c8b0ee6da8501730cf
ES2010a.json,deploy_mind_246618cad6bf40369ff7ad882eb09989
IS1009c.json,deploy_mind_3a5c60063972494ba4746f930bb5e874
IS1003c.json,deploy_mind_1b61ed81e5d942d686e55bc8f5ea8113
ES2003d.json,deploy_mind_293a92c717c1422b971bdb6c05efc41c
IS1004b.json,deploy_mind_6eaf28fbe74747aaacfd2dbfb43ebddc
